{"fairness": 0.7207131284089551, "support": 0.7058988659815306, "material": 0.7014405060269722, "fun": 0.6588496674586898, "comprehensibility": 0.7178585858585856, "interesting": 0.6927308093915148, "grade_effort": 0.6421304323917345}