{"fairness": 0.7317634268319201, "support": 0.7273077151159343, "material": 0.6999860605454473, "fun": 0.6813099853067252, "comprehensibility": 0.7244761266626959, "interesting": 0.706723026545916, "grade_effort": 0.6588184554370566}