{"fairness": 0.7135025230372416, "support": 0.7124770705583204, "material": 0.6774496045136311, "fun": 0.6646433186400585, "comprehensibility": 0.719118194713955, "interesting": 0.699034118017414, "grade_effort": 0.6644128088557455}