{"fairness": 0.6975892810281097, "support": 0.7030576315498404, "material": 0.6865037467184586, "fun": 0.6638866324039203, "comprehensibility": 0.7068579207413529, "interesting": 0.6999473600265466, "grade_effort": 0.6393051767618118}