{"fairness": 0.730518841931114, "support": 0.720886013973238, "material": 0.6940518031825581, "fun": 0.6779379375354606, "comprehensibility": 0.736578576323002, "interesting": 0.7064974539650688, "grade_effort": 0.6452143233198598}