{"fairness": 0.6903250706675366, "support": 0.6942731844676167, "material": 0.655571776935406, "fun": 0.6423288603777432, "comprehensibility": 0.6933927565050884, "interesting": 0.6702669947297425, "grade_effort": 0.6458149039403541}