{"fairness": 0.6768775820830618, "support": 0.6701505491121043, "material": 0.6430734077247081, "fun": 0.6354991147808747, "comprehensibility": 0.6654247199754081, "interesting": 0.6683491865105651, "grade_effort": 0.6204315826233632}