{"fairness": 0.6103216374269005, "support": 0.5967839105339103, "material": 0.5999942893363945, "fun": 0.5851657406920563, "comprehensibility": 0.6238850842140312, "interesting": 0.6036917103364472, "grade_effort": 0.5401939946018893}